{
    "Processos": {
        "processo1": [
            110.0,
            1200
        ],
        "processo2": [
            82.5,
            900
        ],
        "processo3": [
            18.333333333333332,
            200
        ],
        "processo4": [
            64.16666666666667,
            700
        ],
        "processo5": [
            18.333333333333332,
            200
        ],
        "processo6": [
            210.83333333333334,
            2300
        ]
    }
}