{
    "Processos": {
        "processo1": [
            57.0,
            700
        ],
        "processo2": [
            32.57142857142857,
            400
        ],
        "processo3": [
            40.714285714285715,
            500
        ],
        "processo4": [
            24.428571428571427,
            300
        ],
        "processo5": [
            32.57142857142857,
            400
        ],
        "processo6": [
            32.57142857142857,
            400
        ],
        "processo7": [
            244.28571428571428,
            3000
        ]
    }
}