{
    "Processos": {
        "processo1": [
            41.666666666666664,
            500
        ],
        "processo2": [
            33.333333333333336,
            400
        ],
        "processo3": [
            75.0,
            900
        ],
        "processo4": [
            58.333333333333336,
            700
        ],
        "processo5": [
            50.0,
            600
        ],
        "processo6": [
            158.33333333333334,
            1900
        ]
    }
}