{
    "Processos": {
        "processo1": [
            51.0,
            900
        ],
        "processo2": [
            39.666666666666664,
            700
        ],
        "processo3": [
            28.333333333333332,
            500
        ],
        "processo4": [
            11.333333333333334,
            200
        ],
        "processo5": [
            17.0,
            300
        ],
        "processo6": [
            11.333333333333334,
            200
        ],
        "processo7": [
            17.0,
            300
        ],
        "processo8": [
            28.333333333333332,
            500
        ],
        "processo9": [
            85.0,
            1500
        ]
    }
}