{
    "Processos": {
        "processo1": [
            26.0,
            300
        ],
        "processo2": [
            78.0,
            900
        ],
        "processo3": [
            43.333333333333336,
            500
        ],
        "processo4": [
            26.0,
            300
        ],
        "processo5": [
            52.0,
            600
        ],
        "processo6": [
            225.33333333333334,
            2600
        ]
    }
}