{
    "Processos": {
        "processo1": [
            88.33333333333333,
            1000
        ],
        "processo2": [
            70.66666666666667,
            800
        ],
        "processo3": [
            44.166666666666664,
            500
        ],
        "processo4": [
            35.333333333333336,
            400
        ],
        "processo5": [
            17.666666666666668,
            200
        ],
        "processo6": [
            212.0,
            2400
        ]
    }
}